student_id,math_score,science_score,english_score,time_math,time_science,time_english,assignment_rate,quiz_avg,weak_subject
1,58.416107734460894,49.37943116429518,32.936501940231885,9.37730971792963,6.000726143205265,2.976646434864612,0.8272434645849248,52.061881344014026,english
2,87.66621474994176,81.72977955037835,72.16599098551744,10.874026256495267,8.539877206469619,2.284622715511639,0.8180690228772965,78.8525390029756,english
3,67.6867828796068,65.47925305367,82.08601810697411,6.806727504123279,11.422801067576213,10.756373780197933,0.9430502394265132,58.50518696374834,none
4,74.26979336288419,55.14534720228636,56.38926929049897,7.0762873750996516,6.189209512533401,5.862986455092628,0.7970534416929789,68.69231780250378,none
5,43.947310386601195,68.05355325615041,73.03519145545721,4.762905260453053,5.3288109376869786,5.6379844761127424,0.7086422028330569,56.867739132832845,math
6,52.48635578768007,52.60271055249201,50.600925693126335,8.427508532224229,5.168035313914222,6.239575787781028,0.6374011918585201,54.4089003447445,none
7,92.01542181468395,81.13765734091987,82.50641965222545,11.742113189455466,8.432859634298593,5.356824139157097,0.8346610637236784,87.24012602324018,none
8,67.55543636936254,51.50959960890732,27.758192094767608,5.509144634450679,7.449564974994998,5.970058480647886,0.6914547956077182,42.20922645690691,english
9,93.22837672442992,60.511531698104285,90.27918750783003,8.429093337024211,4.958731591052432,5.116730694428874,0.6740139291211458,78.31638830597868,science
10,51.77330818255339,90.92306437093785,86.56374860843897,5.216662259935537,5.417321277412613,5.97991163705234,0.7580110558469961,80.54867220204596,math
11,47.66438226577845,63.422963398776076,81.16653771646675,4.274209022418448,9.429618274630549,11.958571582519028,0.6042098499858377,66.62745718046536,math
12,37.48909540582746,66.24807047733981,69.45715053975444,2.833261560034072,9.684533209474067,7.928726733648334,0.7359682747475254,65.88434865929088,math
13,69.84627372049258,68.72157680117316,55.38218867661482,9.591323191688797,7.205073550283972,2.276614270874005,0.9144495218215558,63.73257685110097,english
14,48.26167174294398,55.917384534074316,25.707233137325126,9.864671835401335,10.573705266194711,4.440431688144939,0.7855075166181094,34.94642903929941,english
15,26.647891263706438,62.677720379344485,53.30341188500693,2.24371488688288,6.279258161912051,7.908598441434462,0.9450457339624903,45.96955337419403,math
16,76.28444009727258,40.672841798362015,68.38963196615475,6.220864869780497,2.3656879672685527,8.85372176417358,0.7547988992008763,60.79123512838565,science
17,76.90724354275963,48.437263982143534,75.55742179908583,6.928755969985958,2.486781226906689,7.212543786902849,0.8382480051209122,69.17770495866804,science
18,38.24805804796773,58.549842879555776,58.00132819369415,2.723140602249518,6.390512038281841,7.144908145457254,0.8109508389662116,57.70539843303835,math
19,65.20408696660145,55.859766880194215,82.83643988175747,10.82078550436366,4.892286544198676,10.004296738639196,0.8200115056905751,60.02202816160384,science
20,57.55935909116298,75.04264202024477,96.69347814791236,5.731011756241253,6.076485938592514,8.209629935309108,0.8145444427947162,83.83237037954645,math
21,86.92306420750968,50.48231884564606,69.84428921662547,5.132617823620482,2.8335982944733265,9.469421493593948,0.721502414254924,60.01705765991184,science
22,60.068951902079554,86.73610090176811,100.0,3.2503920996332005,6.467831942011406,9.51921803940888,0.9551266746718958,76.9752979819699,math
23,74.29262715655827,55.93257605358109,46.318431034662765,6.059598198842925,7.2999070492005895,2.72983216260996,0.9667796626473794,68.47891589526358,english
24,76.84919378801372,85.17491476990207,60.56108001026533,7.992265697166824,10.216503198835841,3.6213014425878134,0.7022813969768191,68.95595258542191,english
25,68.24720482969174,67.82171499462804,67.07511039833456,10.776479598817417,7.266115779272965,6.002129504678351,0.8499321359648623,66.76388702219114,none
26,83.67314669625934,77.73230086682292,91.73946343092936,5.763095309486501,7.21859835237097,11.128420552771276,0.7149372006353585,84.66534983381415,none
27,93.97501628077688,97.14339056693524,56.547986601401135,6.915889203748597,5.682553847247127,3.312640289414431,0.6204334784315536,76.85700595780172,english
28,57.54444615088579,31.821574343152513,73.55251384455339,10.616772213875429,2.549200130862281,7.301758324940265,0.8516792207176735,57.897550147736204,science
29,91.85429652323356,89.65339220468422,94.73708369112751,7.026086264777458,10.622714332653644,9.184879907919795,0.6311469791645916,98.40842127150624,none
30,59.72950122400481,77.4209159776356,75.11895162327374,4.869859962447649,10.943686139710731,6.17795011955399,0.9178480331385505,78.18977459623726,math
31,72.00121364333849,52.338273386487366,81.78296097486927,9.04479580058005,3.908800317671845,11.868691182188236,0.9543457909641246,67.95516066911634,science
32,76.17719937037913,80.73358412419681,61.5663568835015,7.5408798828271015,10.077601201644002,7.854446240843139,0.9368245375448538,76.16401742259376,none
33,50.63276961308496,33.39177588953264,57.62857669135998,11.037475551811097,4.780749864840263,11.044392258583807,0.6502694201073945,47.518392287834,science
34,93.42539951925384,89.04737093910269,88.42125654010863,11.83045172984253,7.500346337951314,8.64380686113401,0.7674526557012316,92.03595451230224,none
35,78.24378713238734,76.77483279927975,63.08649107985391,7.911029375855633,7.777285395188706,3.8050664562924577,0.9302864458131732,61.33195262432427,english
36,61.321185818157886,41.69716310724138,67.87908523026337,10.741773232614229,3.6758790951180975,6.7965304503026704,0.8858034464248504,67.64062608361786,science
37,79.17406180004176,42.83018685805058,60.556083620021965,7.1810021770756025,3.038413134833914,7.634904737644858,0.8168893627644479,66.50959455099984,science
38,67.09124988193486,62.77351722542035,37.410757795096885,10.907155878616503,6.174702169522201,2.2704189978895326,0.8751310917337101,55.425847533607914,english
39,61.56887775277004,83.20668468620218,95.75303293620733,3.2308112535593754,5.5110251502973915,9.977006733648679,0.6891098015161556,81.59142255907558,math
40,45.66692142237464,38.73679060443621,64.38120291094627,6.32912730367144,3.5672435784686867,7.388711148304044,0.7687896946137793,50.439616602773306,science
41,88.95977410777677,51.94965479861365,80.39763777793364,10.412284508811307,2.1268899672641246,5.263884074403969,0.9070657705040885,77.00535966031048,science
42,64.63768677493005,33.31485317647724,68.83711221300601,11.944949476350079,2.3894675751648844,7.419057101095691,0.6026532595145323,46.30291386600274,science
43,59.18622630561457,78.74262257553474,36.26090082186761,5.127925488064544,5.4805406630351055,5.805587447916425,0.6520679458138018,51.367441223323226,english
44,47.75579082863863,66.5478789298845,79.75868189646769,3.669579129316592,11.131334474999262,8.45069880159102,0.7254592611199296,65.48616738691734,math
45,52.75509905148732,69.11662754454885,29.161765136835033,9.962293789413213,7.202402362546391,5.377259456609529,0.9480068816732554,45.42552765583629,english
46,75.78702365490477,35.7325337443623,54.9976990529771,6.3309013642309395,4.178523484428544,11.688137340066472,0.6938452434569191,60.459742592509095,science
47,85.38759069076673,79.69295485581905,95.29633688874526,8.379958920870735,5.808908636764422,8.517259548339359,0.6054648696739781,87.22806384702122,none
48,64.23682446602064,79.1336286059595,79.32579800441113,4.178221298618702,9.838726646501925,7.172159374731833,0.7912711496303385,86.67938909843389,math
49,82.13772414123545,74.8131827627506,91.6858359100155,9.643537738102768,7.810483273954134,6.543561509956536,0.6706653728718187,87.38667055420767,none
50,97.81154780341399,93.20495144588855,54.3981916933141,5.988393444760295,5.760777775622844,3.52646599643654,0.8945891247816413,87.10563550688552,english
51,69.41780332862736,64.96070540823342,37.517878319373466,9.432842411265874,8.717766474362694,5.303763676447673,0.8646933328147375,66.74877017201399,english
52,80.76500061793988,59.83657226681163,80.3590489543099,9.175269527894805,3.5284939778398927,6.3768173811897615,0.6902436559643659,77.06422044674838,science
53,75.31981935798714,65.14796668021653,69.81254419444507,9.105582467262142,10.315175986051436,6.352120058859029,0.779097144338166,58.60288547523419,none
54,50.54779434470218,61.325454392688584,68.59427207476439,4.735480499636128,9.830328218866146,5.390185975112092,0.8317288493882844,57.562437360039794,math
55,54.68588762355869,41.526296392181436,55.4221282620244,8.81843238346385,4.17589244513987,10.94246708633251,0.7509631596793747,54.148218115225994,science
56,46.28814029310823,58.85841801695357,67.38049021465082,5.86332927887333,10.190962759267807,11.191351093177314,0.8105174370911897,54.573319514945894,math
57,79.60411387846086,47.391773873172546,83.6382843111466,7.110241416211605,2.8050551525378897,5.804344403533372,0.6014581152929643,83.60127706844273,science
58,64.39876052056924,74.78452116735492,81.75624249438597,6.799438845324461,6.588849776300647,11.434456217376077,0.7610326455737508,73.9699802562519,none
59,69.29132242941375,58.44372838185198,67.52426732103474,10.805696050996623,11.42054414277404,7.094624030107424,0.7637261446452629,70.69689052904485,none
60,80.93341032850054,52.737141697988726,90.3927087229025,10.55754593416296,4.492841492272028,10.635681184287943,0.9211150665807242,70.00700713677604,science
61,50.50178506828903,65.48879510981575,67.40723223807501,2.2500277660416432,9.083950633129046,9.334430221045084,0.7825118183407151,55.426152114946326,math
62,51.811506824790044,32.274708952422046,68.6955072466023,10.240260960072828,2.864125761572289,10.005875138718215,0.9637112363651226,54.212541351733165,science
63,64.57591891045101,44.04968430560012,74.10101114505716,11.734714729155193,4.473163195019152,9.667120709003129,0.7941688823571236,57.767190709721596,science
64,46.942276190466245,61.860926282037475,33.58626631078785,9.643174966528013,8.85462321465595,4.9124657493446655,0.8280955358378416,46.96160805613443,english
65,90.63880165979182,59.60883165083834,82.14193735082183,7.928037777654401,5.746898223413961,8.480777206136146,0.6677981166941284,69.63506793853675,science
66,69.03313352566516,69.41069081591495,67.08940962582643,7.380030702419245,5.61694101683684,10.932833431383155,0.6690907080781887,73.6406679177319,none
67,75.7105569598981,50.42726325673728,64.3757047385026,10.52315991183694,2.5621885119821717,8.626540156382926,0.884246109145773,66.04178000981203,science
68,65.61293041022927,95.12500527562133,90.33357459302968,5.812480457576552,11.51115642003785,6.812329923551977,0.6200741408185944,87.86927349558094,math
69,52.16502420241809,81.10024406139262,73.40814034053369,5.246288017406192,5.401172170073408,9.951983926133526,0.8704756190965608,69.81395796417503,math
70,64.01959616640552,49.764878936959704,60.54878385754877,9.142018782246803,9.666799563247592,9.217284193200864,0.7861186298355315,62.55694493797665,none
71,64.55552234626016,81.47495553877064,44.52997174047647,10.09608580457338,6.802352833006074,3.5422142576052553,0.792540600524521,65.66475186607403,english
72,80.8797324379521,95.2708025427364,80.40177390310357,11.530073830886431,8.516602739804668,10.159926897696474,0.6139509185235653,88.57192466410135,none
73,80.2960700217879,60.232297528239016,60.568419469634705,5.286537610620417,9.364634366219082,7.272264179571131,0.8556472747738311,61.908231573201576,none
74,63.34147700182376,53.12642092420326,33.69193707987205,8.004046443708253,5.743122474832271,2.959279808826361,0.6740841431694796,47.45075379544675,english
75,69.6463090156594,71.85279008820146,70.25413408456487,11.868270911556895,10.543549360746349,7.974674633437013,0.7454955959679896,72.48296368398135,none
76,84.31133386696732,72.1522864662785,92.19145147066311,7.951988322681414,3.7963140565395035,8.996349376265012,0.7263221430262587,91.638077690791,science
77,34.349208021065664,62.7273682792014,74.33525293276195,2.925430569037636,11.952856375008226,8.952479005273414,0.7963184849046245,57.86673909059396,math
78,85.31849866719482,57.56061152557051,81.87825022356088,8.374121378438527,3.1276734223890066,11.472492537900457,0.6213652320433695,65.78889308511589,science
79,46.21550167144133,61.022366122306195,64.93334940208281,2.658397094798299,7.221721950195196,8.607136315960638,0.6388994921416196,59.19651371394785,math
80,79.16206114041881,63.541680860438504,93.0515746758968,9.22249143469653,4.732457142892186,9.029656770981937,0.647923822502656,79.70447461025101,science
81,83.31981785601079,76.7023735200186,81.24972157504274,6.12415586530316,6.34368807297008,6.9008531862424,0.7201617465740654,80.00812742968053,none
82,83.70013727148006,71.39129734998525,78.6441266957069,7.106764237421352,10.295157615922383,6.580526865054404,0.8343163517028045,83.97047526474417,none
83,29.859201928914217,52.68408834514618,46.763496049339075,3.010121558545778,10.930885869739067,11.664669561570467,0.7299089921432973,40.1683469602524,math
84,60.76746955795777,34.05048996398258,63.181830634898944,11.196672150952956,4.153452408404091,7.715809280785205,0.91523501594278,57.63827711833607,science
85,50.021111912013616,33.026063024471426,47.82856607834361,8.116918173352932,5.25225118885648,8.000509954459723,0.8388308246897574,46.42971061835191,science
86,82.06665372839136,95.41024483691021,66.138246383833,10.585986246534567,5.446561893775185,3.1310618282403944,0.7157063612545316,74.93809246025741,english
87,80.49268770726597,68.24064687701193,95.03969760689242,7.371691151233938,2.9560581386637734,9.482665226509688,0.9231916067648669,82.72938333514877,science
88,85.04827665444631,52.0203001502801,84.70271922902134,7.756285990957847,3.778294004277714,6.598318766580276,0.6222140351500133,82.25031057488303,science
89,61.23102915115845,45.223600011840546,73.63645640129175,9.64619917037771,5.815780849975104,9.040512511062651,0.8561343896214835,63.21113927996076,science
90,34.88071939593734,51.21654304111629,74.73231712774935,4.645370715778897,7.577750751765931,7.945155937980317,0.7907392539500998,45.4921929329423,math
91,85.39020287414549,94.3312751522979,99.86913070494556,8.753087703769152,8.104943418489519,7.064620768296394,0.7806761703442657,97.17056566240618,none
92,86.55964061759293,61.299883269236574,96.48937721825186,5.481277344957412,3.6686571159028083,6.427962225265712,0.9140565516070295,86.84803972530567,science
93,82.87512069034827,72.34996996641252,44.715749134274844,7.179673579248091,8.519251341267285,4.60333288624594,0.8337245593459683,66.9140340015596,english
94,80.40589981702776,72.76986567738994,49.51637509386058,6.59237122585478,7.329106335572654,3.3721068503600975,0.9754871488627614,60.9966012043063,english
95,53.62199257911833,65.77793591403221,77.04960085022157,3.800945146690469,7.463193840429045,8.650856887376769,0.6473660230172691,66.03909216457691,math
96,65.30703634670823,73.99557271074,85.78215740598833,5.0979424124791635,8.274044311798056,7.998462603981924,0.6103005278877686,76.91557908308212,math
97,64.66104143149451,85.55085896177893,96.00725039394194,4.438023564019932,10.543951233839968,6.756114302012774,0.793669451305429,82.386430513215,math
98,82.66894117767892,72.2202281345835,66.46361002224546,11.73440949258946,8.169773636990287,11.71210311233287,0.6542694356996895,74.2335405927362,none
99,86.9967809688178,47.55816037201332,83.70797777501271,10.765519163271636,4.350507946460435,7.74586929066483,0.7700697049403035,68.630807070164,science
100,50.467465953795354,50.136532278041216,66.17372222374699,5.608769141791531,11.765909075663808,7.344148030958895,0.8169244957859294,62.26001598271986,none
101,62.0055737689662,93.37643510885863,91.63871586908364,5.750559119831609,8.991271422282857,11.596600076278902,0.8995163533493483,82.49486867121531,math
102,85.86254591528258,74.72131644645657,54.533683243968525,11.967950590478193,8.767540713079327,3.62258103778895,0.6642815196601196,69.5501141193262,english
103,73.23214633534818,80.57451613881051,81.69217111575011,5.380048948623104,6.901649339545589,7.067954254196355,0.6344125976883498,74.28562818542696,math
104,78.33539982309657,82.74781079299517,57.347139644624626,7.691610695943866,8.022649665754441,3.93669212865363,0.9017254911010658,74.74089019437119,english
105,71.50909488734054,67.74716755356914,54.519607036956074,9.938430172711817,10.254189197208884,2.5741790237750717,0.6704553631421406,64.863713885357,english
106,88.0718828465987,77.27815915265485,95.49139391579843,11.044021044525692,8.984445241905995,9.081740300959286,0.8728453876882605,80.23001046940885,none
107,58.16705228387,41.16351055014754,57.99228988378563,6.837395055304137,4.872671790242055,9.197180820308379,0.8091334859587254,62.234224747769844,science
108,84.58396137423958,86.65033413462702,80.33484668771297,7.246979319486284,9.814384444560144,10.15531222233351,0.6196297957035636,84.57522814377323,none
109,45.44600450774227,43.16962640841,59.75078189877081,10.231082902918999,11.639642292597406,5.047575840102782,0.8902654700760813,57.0669587550301,none
110,85.4833915659792,77.93192511893439,76.08298277545019,6.691208935050341,10.01189285479207,5.620048377456508,0.8572114648144791,80.21643768037049,none
111,67.22597348074025,31.632514387811344,62.933630129538486,6.947873625731388,4.748759985874706,7.921741368042702,0.7176741707524912,54.826033145730285,science
112,36.77445088068676,60.26672340375366,47.9019394900335,3.391289389732184,8.81360759693269,7.0280958861675025,0.6907256730126892,50.52723302596081,math
113,32.70554341266049,61.270099502653636,70.19738994408058,2.029567605777172,5.975236376646325,11.101101180036846,0.7589714068476281,45.62360517648576,math
114,75.334115694247,88.10744971009606,50.99129067724361,8.541480601024757,11.008260572152006,3.438702244892271,0.8611490505150594,68.90518817707512,english
115,68.4041678669698,71.95630512778257,44.87299657535179,11.95060426048035,6.580877425563743,5.464931481070682,0.7687899002101716,67.44605693171442,english
116,42.04155612577743,65.18517532427906,66.66294350632637,4.273074465075073,8.32104439903022,9.055193819519225,0.937820232109573,70.45756191628989,math
117,80.63369147363264,57.365982371437326,70.18332157009192,8.112393605397333,3.797072633862547,11.507547253909298,0.6473530865577644,67.14542378541924,science
118,61.178923964562195,79.53936996048884,60.50216320221927,11.49422013152785,9.953344100183747,10.431140781287851,0.9070237846814272,67.840129019776,none
119,59.13084943203374,83.19929308869028,77.34952465888385,2.15502774221673,10.353433694875624,10.64741498754137,0.695686571099335,73.21415657092014,math
120,55.19691197289065,71.73679200802223,45.29680727453224,9.841503813813228,6.1434811482020955,2.5820619311494366,0.9333084735214306,62.99111074065096,english
121,52.12040942219451,72.01937212331151,79.68503938860286,5.642659981535553,5.903603365997233,9.50173046832495,0.719982492943934,61.499356050089794,math
122,64.29477537993203,81.36814397539958,40.268967588376746,7.695406390032732,9.272632418471844,4.841406002849329,0.64275118960012,64.7718254537236,english
123,51.563714390302515,80.35576170113484,89.16421904617688,2.6824044984865774,8.248002997374984,9.220250178238047,0.848603775571025,71.37978453282905,math
124,55.54321506111708,39.216647117094766,57.120044287322855,10.752875259270319,4.589368537492365,9.551310165119574,0.9733433806284741,43.665254584232045,science
125,91.1818850120193,70.01746950802153,91.29014444764982,6.4886500055794,2.2569543034285036,10.7752472339996,0.9261655640767514,91.56309838846684,science
126,85.66653077000717,71.88437823630855,86.87670540190909,8.677227851155049,5.890272942598948,8.345071484391951,0.7350079102100305,80.52890925685476,science
127,51.80745534041515,68.7278276523466,83.97386883474567,3.2277242919249303,7.4013621276375545,5.71770438759461,0.6045288335317319,70.31538158344728,math
128,90.3943402715846,95.68087370233366,85.02812443137559,5.538784281056121,10.74881594260992,7.949106171433552,0.9187589479708027,86.78423532384619,none
129,86.23855011792075,83.43238049465536,90.86105353824703,9.70162161698529,6.779814126922513,5.174888575972946,0.8738755425701379,99.16505692193715,none
130,52.07806095449476,84.19137010368537,69.9399587917046,2.3654129708942233,9.077045538218071,6.317625398383319,0.6700144875976162,70.37028567160246,math
131,52.1948598617356,55.416223661131845,34.237296921159384,5.874090538341458,5.766436807881235,5.993275026283827,0.8057178025905302,46.971020271498375,english
132,64.93502432790781,67.29689529056728,59.22815052510012,10.191788902942761,6.441173917248248,5.882770991750375,0.6493456650987948,66.27460012582503,none
133,52.751612036888076,79.86871391514012,75.26209567256892,2.3096462079390023,7.403106784370187,9.2157941166408,0.7224834332983814,74.63122530669438,math
134,88.18458652986959,82.92444944664852,90.86254425887856,7.0029452972082,7.199134446858805,5.233965007048527,0.8203212806565229,90.0923597047498,none
135,66.02444396133973,32.3417439247781,58.74950652457729,6.5241022977805345,2.192315873945801,5.102529890907407,0.9500346744687198,55.696543236427516,science
136,54.054186669464364,64.97729145089171,40.493237306480644,9.784005906100894,10.283792208536319,3.7918866255287598,0.754079237005559,49.350046375385915,english
137,100.0,73.53190002310296,90.80870187264074,11.342962752892355,5.33213705576428,6.812731235174827,0.9339236789972334,90.55750054288114,science
138,60.24553739154678,65.84395447191017,53.63101650408665,11.62000575908717,7.111108089114861,7.126145323575695,0.6353466155198164,53.57827286166659,none
139,33.03295512973618,48.43527850894538,57.06388763389745,4.053042018281769,7.964374064745329,10.135499882551139,0.9192071561298654,41.90442158429739,math
140,58.3255928827392,36.414843718841276,66.54075763543084,9.59074537129175,4.708497053930255,9.40113810541995,0.7011185200441772,54.225546176970894,science
141,30.09550089778968,45.07505478484687,50.10397788866091,4.042081045195379,7.973483390669304,6.283965504485693,0.6025994842963781,51.481147825084264,math
142,55.14146316530714,42.44565635258671,71.80599646936969,10.589890866914192,5.122797216686514,7.6798337633790466,0.8396414120935706,54.73702876005415,science
143,59.16325104586198,59.66433232362838,38.098251306177886,9.014022777489627,8.14492182869655,5.8113375566823375,0.6909462688879963,49.913681323178,english
144,97.83261102298238,59.21158518997616,93.01210899281475,9.432250724270407,3.0286094044363834,5.196850543945466,0.7426221113937452,94.81815676375439,science
145,58.636747382318234,88.45575455290661,86.78395471133919,5.5925857792804035,11.858624747666568,6.217726213873579,0.6175546636166189,82.05283776087433,math
146,72.07781197819472,53.723322995973604,71.23027033140525,6.480018805992378,9.640018513442659,11.410700437335208,0.7910926976249222,66.46692311576263,none
147,96.51667341323912,65.877975506716,84.84774677240014,7.410156233239715,4.9374001413411825,6.492427519723945,0.8970570158218085,79.1353131839233,science
148,68.23572553070076,32.458727978576405,68.35556210676114,9.40778516681442,2.66615405398908,10.745943064841901,0.7069613749313494,52.29159970372312,science
149,27.93350554212319,62.465390667050634,50.45011816038558,4.909908311985987,6.7059574833303985,8.381942518958496,0.6240095768068861,47.78520647222093,math
150,70.3648063685707,44.00914963867576,79.33786478123608,5.494876257290564,4.139197865124769,8.321734938357086,0.910101567703443,64.76257697068743,science
151,67.04008008298398,77.62291173684861,48.55073544636749,11.23715178077048,10.00466976486244,5.6408666198665784,0.658677987864901,62.896565087184804,english
152,57.201668569417414,84.14967726364947,78.39990956329375,2.846026997127072,7.240112791611742,6.137577457082195,0.9647033741555483,73.6561310602306,math
153,59.09816550160426,74.54073598453263,97.700627514677,3.37351115829829,9.828538731190063,9.42484085340956,0.7654112351913009,70.02395597505368,math
154,87.97347058017101,88.32724670795506,90.35031666219263,8.09885591377205,6.6311327507778435,9.119018683174165,0.6800899777833643,89.47734842448205,none
155,51.20151336011068,64.40963003087582,50.19806634142189,9.047528668563027,10.172513187446306,8.78866750103681,0.6201048246428524,53.83112170773923,none
156,56.53443628355007,88.61625408840564,99.38801401163398,3.9207340610475514,8.960962511874703,10.605726699018252,0.7714294265231797,82.16423455554168,math
157,86.73048586453967,70.78996476057068,59.992866628191045,9.331228877203245,6.524074291592315,5.326898525220359,0.7760157857973897,76.23166428335738,english
158,68.71795097835614,67.96208836112922,53.780322626182034,7.630748533055587,9.360678309283673,5.111939886283747,0.6837787827797606,63.37389928940284,english
159,67.91084663492931,27.59360922461874,56.13398939994982,11.535063192046826,2.500920102514987,5.197601317554945,0.9249628310891597,57.18904577693992,science
160,92.74185424328114,53.87548275226334,86.53497208930494,6.2234949151835615,2.9818178501557218,10.437749570681968,0.8558994969863444,70.56145524872333,science
161,67.09141715223191,59.209929092100396,70.09745527984109,8.564105758938219,3.6275937255625115,8.733158537211185,0.9784775866582658,67.70073506296387,science
162,75.68878145084773,65.90188656303444,45.92645202364998,6.6402754595536875,11.155751397650368,3.366281548126272,0.7286326141816797,64.44857848916506,english
163,61.7371456366412,20.579754393727352,58.83423380796884,7.855564728574887,4.600452893676854,5.220591301575481,0.6462099985522617,50.99430286174897,science
164,47.78572115341467,88.6285724436627,84.24564992425658,3.6014265073593226,7.8452390256645055,8.387140851949813,0.941062284078392,74.86871851567244,math
165,84.8471849112182,96.65320651493985,89.86112648766664,6.509268356701313,6.519722606289232,11.777461886040339,0.6561839263877058,80.56848443505645,none
166,94.72589614259562,100.0,71.45121476922199,5.118783905208265,5.312116649139008,2.056058070104228,0.815406204651756,94.14636907466155,english
167,92.27464003523396,100.0,61.58508147668828,7.391722016729179,11.3223348350595,5.272582324511205,0.8535861028737235,86.31153311456366,english
168,41.16695420535737,52.71733780138301,63.73558472548489,4.593027816311288,11.106761943483704,6.100427184898679,0.9656884618428585,50.15475520685765,math
169,46.960655123732,61.5181852548845,76.29219301026349,3.064926005995241,5.83614218775,11.540941517897597,0.6784830735093624,64.72267492184793,math
170,74.49147714117173,71.28488927557329,82.23912768776697,5.62631185967271,10.972993589970415,5.694663654437767,0.6344739354441757,78.01410843044258,none
171,61.695391322565115,50.90582576164738,31.095377823874585,5.71324227780087,9.313280756488181,5.611472093728601,0.8647668296754536,46.530616030972304,english
172,74.64421993943036,34.80333374647908,55.980031347087234,5.8876125938873205,4.374301017657192,7.9927929875179835,0.6611269115243372,52.69873645743504,science
173,89.3433108611078,69.9871619306231,55.89575030228444,9.069247138075372,6.34169923181192,3.4459485992872483,0.7363162674275175,84.14133203921146,english
174,83.67202557516072,93.04408785779127,81.96246262205291,8.432187425868797,10.823590791816365,7.333099019093675,0.7869326491348692,90.52609921970304,none
175,85.61958064555961,76.10495202289556,43.23593827432565,9.232018771807695,8.9020867701452,5.092670766987835,0.6403810438211104,65.38504788917089,english
176,52.366633206157104,71.49673755871173,66.80799498964724,3.292580869117669,8.86198660413977,8.131119293768204,0.9668968089292111,66.03758360855639,math
177,47.32741123044849,61.99265979314216,57.009499139017535,3.990065707497734,10.117072443976383,9.648231231779222,0.6902728055357525,46.24713728997216,math
178,60.83605854804317,70.21772462215083,73.86565670097353,4.967981564504689,10.967798514128503,11.120786221958316,0.7339611116941965,67.84559245714381,math
179,73.63198447825884,75.59551873518802,74.76659524592635,6.972581452775447,8.63444882222422,5.864965411811033,0.647002523233229,82.53176022408697,none
180,66.48193724536942,70.42128838054859,77.58945333125196,6.888197261116369,9.612312646024002,6.855331011864983,0.8553826110114595,74.28824326752223,none
181,35.42984379846202,63.009999306053516,57.15210971106879,3.533551454527994,11.057061914407171,10.092754990610999,0.6437591992130907,60.591737822586495,math
182,34.9335868830044,48.479238940524496,58.29098155898617,2.3099345062219308,5.716325256738442,11.532350419343128,0.8422129428595042,51.841192705029115,math
183,83.85608084764732,90.5824934185461,55.72494848662699,11.867683371594566,5.826042186335624,2.380995735891478,0.6104388137549343,79.31648536896476,english
184,48.50852954869537,47.74761194053848,31.085888088335324,6.311427539287522,10.203470268990086,2.5442249377265718,0.9177099823022068,37.55997000782938,english
185,46.58773744964139,68.4101043141898,57.44304565423843,10.109464635000748,5.431722085346702,6.433036177649992,0.8152769029233754,50.798875363098354,none
186,52.581627625918244,71.19773255417223,72.4391294799289,5.345758949504493,8.689053372070736,6.195695944143475,0.6751223151835053,70.46835540415394,math
187,65.4464967114868,55.50624998789435,44.13672772706914,8.493760606753245,7.726612181617861,2.0627836223851186,0.7368378596972031,53.919274999153835,english
188,59.770829624478125,67.1376941573014,47.59695326110987,10.479219719759708,9.843491542866143,6.704098317357875,0.9200336177317835,56.29522250857156,none
189,63.645402720455294,70.72242298128849,54.938986416630456,5.0088765384084315,8.651982609568428,10.370954242609411,0.9521329104770107,53.17428912661467,none
190,83.9706905131622,81.58206312460587,90.87880704305965,5.863229437527046,7.45496851594459,10.622193581429118,0.6582968953078534,84.59933242122634,none
191,55.04481216084169,63.702230455803786,37.52150432861486,10.46400908074658,7.844929787014965,3.517133566910178,0.6179454530680069,51.089112819386706,english
192,82.910712087464,52.50968938608446,81.20578830779742,8.878694962770783,3.5148134223246372,9.509491111927325,0.8472752660468441,69.24622045810568,science
193,91.31863011883613,80.19964824788936,62.16850164736687,6.5085900028343815,10.104476639505972,3.6606227042292416,0.6642971596373557,78.49990273316278,english
194,84.11185134316068,85.68317191060535,61.381186307930086,5.126567645439798,8.849138448093473,4.65396138051484,0.9177906989789348,72.71477778476785,english
195,60.44328113348302,40.759875593271296,71.19421312834949,8.637795218052638,3.8481573713582224,5.355973965450747,0.9281515851393577,61.07369442728954,science
196,100.0,64.39401877274491,93.95339934808999,5.459382617244723,4.363465069580458,6.789663563322701,0.7385352424575484,84.67944357970099,science
197,87.27731533088156,86.46935256595525,83.345896409203,10.627019203741758,5.437109924817469,8.11108670370049,0.6538145530949145,86.1194624069881,none
198,36.263960912225016,67.19830562200671,65.10819945891986,3.557738720310693,7.23804594537898,11.168754771773228,0.7330708792461452,51.46089202417076,math
199,52.6234809374368,60.91030094141246,59.110008273527065,5.123996954265723,5.151900666928792,6.1453154211978855,0.8149293405442565,55.89368940792299,none
200,74.73461879233291,67.62100069324755,45.47304098524931,7.532378183457961,9.695091278098205,3.1100912196095702,0.9546969882689128,62.62285928090935,english
201,59.222920669333064,86.06653509982301,77.94119340271999,2.33748358575402,9.954272453237788,5.537063796192159,0.7619931326133018,84.01988120871547,math
202,64.28373454611895,53.55581138894686,39.54523568853067,5.368968528974073,10.020270129327304,4.034823936865067,0.6923873215606141,49.1762792788236,english
203,80.15088043940517,92.29783525455916,72.42051814615114,10.3371116535737,9.653725935013895,9.704138335263746,0.8414626098671293,84.07638872975446,none
204,55.0280410832069,92.47155015118466,87.68326633572218,4.385034300930808,5.051504807377902,5.262700602722622,0.8163074805947502,80.70062557375137,math
205,88.01834018070372,99.82170668614486,82.05728720496467,11.68516043728168,7.178363164628064,10.939375469536177,0.944287246996858,100.0,none
206,59.19583364642301,62.86955725244064,66.8768770893818,6.149893146191497,10.811420190420336,7.368575061476511,0.9554987486483657,66.47269816761226,none
207,89.63256126704792,91.02465154818289,70.68284667097768,10.026712165692157,11.634387074225039,2.424982833878242,0.6659952220426492,88.99532671521024,english
208,91.39495191047696,94.24825415043003,62.20806529360067,8.900762833228875,6.958368516209286,2.3525689735631685,0.7571928989616186,89.42910012869461,english
209,73.51911589589886,56.58485764918717,81.09757703814834,8.10065707523553,5.3961750367143875,11.43123113362976,0.76734220474958,77.44647200407374,science
210,64.81676423134536,71.54955186340395,76.12492179435235,11.220194963060067,7.202113433898465,11.584831314062622,0.6181569185789341,71.99044404544458,none
211,58.82721508376423,61.864414094602,73.46245081047869,5.879309292093652,11.201454801103974,10.146758514147553,0.9029879861469858,67.4818153878718,none
212,52.0489930510388,38.13859564347237,64.66335745110851,8.052493361535188,5.790260505296172,6.878010402994409,0.824505722736808,49.97214037855267,science
213,75.16156518035648,70.74629801330558,53.87009979113873,8.4356721088763,9.325066580884258,3.5146968398911342,0.9626806565220081,68.50713660932237,english
214,86.61706307725501,83.42800400735108,92.76645024419483,5.227406176831154,8.774356558891201,8.389491975433492,0.624168545823563,91.04875887322558,none
215,63.30735641776063,56.57466824615253,77.08268444193804,5.6627669335335655,3.996679333050647,5.437358329504746,0.8740652976495883,69.34346743555245,science
216,96.428164449997,85.97706528587577,80.65988102487006,11.641533483843427,10.680261574061772,8.766847070278692,0.6268090242097599,82.31878421035205,none
217,95.51890715444601,88.5884044621284,91.03789441818662,6.537774933630784,10.575162386764665,9.549664687161224,0.8864319167771199,95.35362834761145,none
218,84.79690835492107,85.54895632133048,74.85558366689504,8.37745142369364,5.070328867383822,8.439313023384916,0.9611913534038712,92.81029376919909,none
219,59.43625320744953,56.98931705908731,46.77122008207209,6.938682326872269,9.94189686235573,3.554699002683802,0.7686065498712737,53.362236253536885,english
220,65.32077925611384,39.60804975867548,46.05823166497293,6.408226626022156,3.897812719378093,5.593363080984332,0.9068978304339306,54.90411985118719,science
221,61.668755930415855,93.93815158823874,92.71166174503001,3.3954816664211616,6.446502294241937,5.2132046564934775,0.6345330845804663,84.60033243668377,math
222,94.4084748813033,75.5310600978834,53.001349007261965,6.08984818429153,6.482587049170519,2.7476291858004727,0.6253307353328563,79.27824071307741,english
223,98.32902047836723,88.92904780977373,85.75752881714405,5.5601278883037555,11.008585847037608,5.808541063095263,0.7239203015227414,91.00043217882897,none
224,57.62808288621136,25.37925247112944,49.168728302219655,6.319498969568928,5.869312445413879,8.463781661203825,0.632724121992422,49.5959725398649,science
225,68.38250600166587,81.12226199531302,50.10975877265804,10.205217622924323,7.221022886431337,3.178413331761824,0.6983079267232289,69.68201848533253,english
226,55.98875006206721,67.61697827048081,81.171268752651,4.307744493379358,7.493357604229656,8.92081188106544,0.7468557744446154,66.47214354631669,math
227,70.55409785395217,61.04554412463285,37.18843642099548,8.166471269351014,9.45775024999047,5.30241369962806,0.6228031131838244,59.59661952322227,english
228,83.66938958379136,62.287243923648205,48.96719407419092,10.176942736778877,9.684079088743957,3.8828039979642464,0.6186763883311672,64.00501648425745,english
229,56.54873293894883,65.02048097249852,35.399307562116675,6.240505398151544,9.313684545314286,3.5613031170462186,0.945443766300758,51.71719986146709,english
230,71.17832630248876,75.10977589133212,55.091642786389926,10.64974914223659,5.8172353193815685,4.147436586010473,0.9558966828669189,71.66401959117762,english
231,54.50280075458249,53.76145387979505,39.37772156213931,9.238111397137397,9.709781219906588,4.651142930974654,0.8242648939869027,42.49613464714114,english
232,62.38724556435608,39.115679472846445,56.520040308499965,8.395510363998868,5.273442565580867,10.654820162786356,0.8632938025247279,50.93833548381154,science
233,73.18762384379076,75.96799169760875,43.016880937972346,10.724519014125935,11.508542058413521,2.277218024074995,0.7734371070907212,56.846416457117016,english
234,75.19197254375007,43.864115383702824,62.974782105016644,10.558941932125906,5.578990283325204,7.874190880667866,0.9414668260162087,63.91697260326004,science
235,98.15621654731582,80.800344416552,64.71911221673524,8.016589355628287,8.066152574452305,3.715675837974841,0.8225132915290299,75.28448248830529,english
236,33.18051142248048,53.66950560814205,61.28446612729331,4.289135258168004,7.427031328651378,11.254569799753225,0.8875799047029109,49.73732559117193,math
237,63.1438063167415,44.0928660863726,75.11279991615038,10.548848009945646,4.585460448494624,5.291508156379862,0.9156415905807138,70.48121698279205,science
238,74.80871566544384,46.09478035562938,82.53639471209925,8.693057356977452,2.9327502176864653,7.16557993456009,0.86377002851097,74.25026015434904,science
239,48.07981915643834,45.83974747250744,23.599428443376517,9.772073952886394,10.592639934501943,3.661045750291282,0.7077482441456661,38.42657208382255,english
240,58.45022203269423,76.15070323711254,87.41811246851283,5.235434156134261,8.99849042426062,7.652691368687553,0.7150516908946215,64.89674316616959,math
241,41.39657676295653,64.48735148152039,66.85477392013458,3.0686610503519596,6.591254497490192,8.487391036931797,0.7666937533719986,55.42737892469894,math
242,42.73661005674449,32.04209364634201,59.80980142038546,8.064470341097339,3.1647858199864967,5.528689602181208,0.9144808626426668,43.222105817024456,science
243,43.48070714668553,57.53896455205084,78.5508670776175,5.146333883326026,8.847792295596047,8.318714530895868,0.6015603571010304,59.70702092634093,math
244,32.75288086986086,46.29610395917825,69.66153770693037,5.775096481379265,6.666873902777992,6.197601768000134,0.6430325116231316,48.69134615902993,math
245,45.00550533395389,84.86263206266695,81.49741683447824,4.949491888122685,8.037216339398356,11.99826094400331,0.8754738550574552,70.6961405584258,math
246,63.52962022670053,84.41549720538592,88.47409412330714,8.147083470441835,9.006206299410536,7.0079265195304,0.706572924608821,73.73155969020932,none
247,48.00249737652181,33.229528929939136,59.39286377191763,11.807657469435634,4.239182888719057,9.275122457512339,0.7004339060540269,47.36650190140097,science
248,76.38570659256973,79.44887656246988,83.6028399561499,8.008818802591017,10.15756198097138,11.924959615744694,0.6208030932586461,70.58959321484356,none
249,68.00864807980682,61.06090367045925,37.52552220943649,9.19218166330122,7.80020745190404,5.7648587764827415,0.9275145258249378,45.540488244678166,english
250,63.28023362758709,65.00294796105486,77.3585506312179,7.21839109672981,6.999057313670455,7.189912396039677,0.6372569244821571,75.70686494299038,none
251,47.37560646451459,70.20338479843858,80.78267491563935,4.511455304008406,8.747893348580273,10.726729178252238,0.9640065887719463,67.38133292120227,math
252,48.48808878900559,30.25311275457412,50.45830709731324,5.089751546574241,3.908585503956197,6.6489615421615085,0.9543515021770054,49.37157276319768,science
253,57.2387066980537,97.68334651951224,93.07263187532317,5.200610593567003,10.391601359549114,6.638718654794484,0.622771559022011,77.33148151443372,math
254,100.0,91.27597607135698,100.0,5.623068144272062,11.429650713101848,6.095704493910189,0.7393223260366535,97.34192220056906,none
255,55.432264784705154,79.54864860319809,83.39589315617889,4.342416671358029,10.03439786917037,8.601167040810775,0.725776940089293,70.31180572972784,math
256,62.093747372458886,41.32800797498937,79.83262996391556,6.587310321803612,5.633640429074278,5.135808719327508,0.7242625720285187,65.48712690901245,science
257,89.92021852850021,54.56395341709655,86.93910526754932,9.404027837792235,2.9046063992084736,10.701956484794518,0.6888906718961663,80.36268487473883,science
258,67.0498850270607,40.051993472676244,68.09811581368558,11.705855472742234,2.3316583255779246,7.381560961158799,0.9252515720446932,53.91707603719444,science
259,61.90304338119169,41.824492589738455,57.63161044030285,8.399415138224878,2.1191620161304887,5.525860371081564,0.8035508234566826,53.478291913116294,science
260,47.86289305439277,75.96348026633606,88.78020171980708,5.7200215111642905,8.442165601132926,10.646954654215431,0.6013893983109667,77.01410987858338,math
261,64.84211107282736,34.919758816129395,71.87358012600528,9.763967889525006,4.515492577653221,10.3568936688187,0.7353793505413244,61.47289670454409,science
262,65.4889184315869,47.078681777548695,62.38383109727973,11.844975854512473,2.861437131418434,6.209301227967611,0.7441589273175908,55.12071468223481,science
263,78.90520264615644,98.08394884660576,97.69616037901682,10.68525711104926,6.205180819868543,11.14493117711595,0.8087828726696361,85.7292090817219,none
264,67.22516346327737,53.609668990318376,54.49052683457202,7.243942570526472,7.989787124935338,11.63336560964467,0.7805649290885988,66.17703702391627,none
265,41.949429104508134,60.33157939517929,66.13245501815221,5.028756478727878,9.150878906772025,5.032986978655688,0.6275079713404379,59.38419905526928,math
266,67.94297582269455,29.5896911286015,57.04990216698131,5.1408520529715185,3.8950931700576916,5.04967572746421,0.9113713277672673,49.74708991782525,science
267,64.73411014365512,63.7704811584214,62.36909427228284,7.049690067160181,8.562592467065004,11.782775034576098,0.9545695081651351,62.537479930543604,none
268,76.70661084326294,55.589824482920676,82.69423598892078,9.623288049551018,2.7957191191801534,5.424781482654776,0.757070134751053,76.81834035076649,science
269,66.0513598502979,70.70397567735371,46.78035779884955,7.653040832247396,5.927282678124984,4.034767762917504,0.8740266473236111,54.41444731664707,english
270,47.46131566557368,62.83732370550198,82.57560660826714,3.8828237892637496,5.217476911711194,6.684988099644547,0.6911805834149799,58.57467889610978,math
271,65.74220095484507,31.500777920422376,63.85616806837165,7.8314374511633655,4.8230362041479395,6.6543992032974675,0.8513130531532582,45.67847086828044,science
272,77.0212986519815,67.60705807475455,72.80682817283154,8.734881034875055,6.688710352266195,6.753380627248344,0.9062442201627077,65.88030342435589,none
273,68.91513404900616,45.64057261233192,53.019599714700725,5.14740448489424,5.610168459371812,11.259275110315999,0.6867030472253441,51.50954529465442,science
274,60.293034841711055,75.35180818307403,83.93710908874343,3.973366352209522,11.89025385169829,6.065597497418068,0.8533493650506536,78.680024265664,math
275,67.27487325702002,72.95728192686255,76.29172438078973,8.179500938356732,11.41872779171742,6.075788950650727,0.9279263376606807,75.17856509989963,none
276,52.97174905874064,69.80738351529352,60.739440401822876,5.730592402169915,10.106649953835069,6.436310000333648,0.7850913668429597,53.433490353503586,math
277,65.58991055361254,81.94994602679,97.32604677411587,3.8709947014986543,8.244859925197268,8.185869617229386,0.8112465664882418,76.8151284402423,math
278,57.53431258144798,43.88233342811851,35.092499442307194,10.449611160431644,9.206700364982481,3.9902643335549035,0.6588402190156863,33.929879472693955,english
279,42.11577523040154,71.64095791228442,67.45712425884125,2.0777850336781865,6.550156239612715,5.407927110924021,0.9500418399439285,61.376670175255484,math
280,59.48761108215851,52.46455874939515,40.818905891310834,8.029369571957355,9.5367148908275,9.577959549941738,0.8350623566474038,56.04306521827152,none
281,32.474971861802096,71.29399071448313,53.47314194170474,3.9279447473056237,8.166198245359348,7.1672052155985,0.7216418535822424,54.67110527980317,math
282,51.246334900174325,31.631833505984424,57.55898031151658,6.409793719557212,4.4536073860886844,5.4689376607709335,0.6107127093699444,51.76399055105344,science
283,74.02583991378351,55.09092442005145,66.999835453211,10.06792414964984,5.7356828514954685,6.1091670812653405,0.8993171993275866,59.849723128472675,none
284,26.853472858696172,43.49397111683791,62.41850303337779,5.6298527053857015,8.738252792432597,7.8701665071922005,0.7831580687384895,38.226979397876676,math
285,30.637901298138345,61.62680655612545,56.67158119063518,2.689396856579853,11.381138594642886,8.690031060094263,0.8903060146037348,53.95146496196316,math
286,49.628025157217294,89.58794780747556,85.09346203940349,3.0592652871132753,10.039716775586356,6.533414211419183,0.7683551911213611,78.47925041993619,math
287,81.1032630864294,71.72572332995648,79.32052107763919,6.674812039260248,10.743283114525974,8.559692022415007,0.7210117473862057,72.76206557829909,none
288,79.75586332983596,53.992846888437455,70.78169315904651,9.404534351058045,4.844487268061144,11.01823463979547,0.7741362596107182,73.20381499992322,science
289,73.12069027209643,59.15329430621729,59.40640575034618,10.724954643903828,10.654175052405002,5.706633771452284,0.9655175307157691,60.93253363306757,none
290,47.40656260651309,75.41303465461571,61.61344350880122,3.638243709050037,10.398573707032826,11.45556322708402,0.8251759094506341,71.77014003075779,math
291,46.375457843551274,58.02329583434333,74.13568146681486,5.658104615208224,10.301975723613275,10.668392827280837,0.9369138858159551,55.22817562690276,math
292,82.30289914202325,51.587473557687886,61.43545739482971,7.583124126878209,4.07359850653226,11.53791192958832,0.6697602583949555,61.423648378230965,science
293,69.11842567565716,73.6994630392818,32.02821711850397,7.942333166022898,11.31773717847003,2.2850333305929116,0.924618063390497,56.924858600002366,english
294,25.231003786758365,67.94846346916967,47.58570568343274,5.649018244404623,6.713009179165907,7.11593690347514,0.9401323656511995,47.8857635051052,math
295,65.6862819767635,87.46148541512162,80.71070172189663,4.277906058652043,8.931090526768356,10.352505008298785,0.7081813493868232,76.51101363180942,math
296,67.43299181492081,34.20223139230259,68.35251785880361,9.6333110353035,5.277711414681461,5.83831976502538,0.8021345314700608,60.8915646371284,science
297,52.78053611317277,38.34991530012185,59.441723632464004,8.360754795666004,2.676499450576712,8.081552083793156,0.9166196814239645,51.138305997639144,science
298,50.040195378374264,73.80713775916357,62.20511682508893,2.1755243534749744,8.111359845844538,6.332894472174371,0.8545823265265029,65.18591098074089,math
299,58.637695722670585,41.23012984340514,51.15703178156764,5.5575774933429605,8.135675880268298,11.269509071446844,0.6479381765893704,46.298311596102586,none
300,56.45391520447932,71.88353667370573,86.10785758884839,4.281250031306016,5.983493068568621,6.45476689021185,0.7915466303044012,80.92994195013219,math
301,85.54099757833488,70.32077174757659,75.48042759120636,8.883780575523144,11.733054120435991,5.449769060682277,0.8442550890227487,81.58560147178726,none
302,75.23051398735014,69.35339778854812,57.006912074205346,9.475704950178685,8.012214996296736,5.551006098686752,0.6154225706111841,68.18757433976745,english
303,94.39662309517333,86.60893888061912,64.92136424309238,8.360129568912345,6.0602033568029015,5.082767883040935,0.7003248815073193,82.3662424209421,english
304,68.51977981180309,58.09904495553549,62.368535458337746,6.721998182147566,8.37649346007927,5.476071623666943,0.6736398694088748,64.7238973349387,none
305,54.49100756043277,34.940202856324504,53.29221803708582,5.68499901901515,4.214711334157734,5.393726860206208,0.6306692125937147,54.02229227210826,science
306,41.3034909416,65.36590360151317,71.65819722418652,3.07109725841647,8.29549497908895,11.584479994302797,0.7251420854433516,59.62014274298968,math
307,45.74228692168164,43.58785640114773,46.09008456904484,11.894403362118332,9.751517555821714,10.017030100373493,0.8682763531255575,41.2558652245044,none
308,87.43083291864498,75.5210127717117,52.50388148355779,8.360944577468612,8.452732451181902,2.7563106151133954,0.9423449375014564,67.33688721286077,english
309,74.4189172480548,74.42592154287203,71.05768847427736,7.957775661566984,6.841180850199488,7.539369931962331,0.6953751384001069,79.03036531399373,none
310,84.75111185032846,44.76205678811253,62.44208257170914,8.92805148704622,3.3016731227304312,11.831096039484756,0.7087784334456095,69.70082617459137,science
311,58.954565148722004,71.68447060351426,75.42553481021685,6.2821866919980485,8.919955700244905,10.688288473617202,0.6488602398344342,73.34003464327736,none
312,56.134771633944865,37.769569383552366,70.28848421733575,7.545280144330446,4.6784450261500705,6.230006720857781,0.8269043156058913,47.397509682014864,science
313,65.86223042536388,64.58835646124572,39.0080798996964,8.612943632721485,9.81537064018727,3.1954527551474707,0.6733339230168308,57.84758569253019,english
314,67.51365079679663,69.48367704794207,60.26973907618753,7.91042360692756,7.573959556892802,7.167422670019921,0.8522190570636966,61.26106902294748,none
315,72.0345260174739,55.15647284659809,87.70512588723251,6.283837440268178,5.270261318178388,8.64319264497568,0.9271081278209602,72.16734301856093,science
316,74.14716049476775,42.40902492949759,64.42877165655325,7.377624343370099,4.2296989786805685,9.555795653425296,0.6441839985112946,61.128984209665454,science
317,49.576666851985074,73.8874365202173,68.72447301371784,4.7079070092441135,5.657936505916214,11.886122977979042,0.9650716056345305,65.79342772931301,math
318,50.941099589076266,62.52049006963183,56.9592060684127,7.684741587037839,9.555518245928313,7.3390011566870355,0.9108035871963269,62.196287188177635,none
319,42.03570444254216,59.005396215378866,45.0386902887963,9.07798236450368,10.977061954676426,8.809282042837612,0.6030430934560375,46.730455182256634,none
320,53.47821785494815,92.69355870851594,88.84506765364932,3.683586115036904,9.194942624765144,5.765491321766352,0.7509706913194442,79.3953516945789,math
321,60.26659602923843,39.42012124301302,75.1509079868467,6.489088762911912,4.014479751894406,11.66871006549353,0.7538467580548949,60.69898102180987,science
322,64.97001667188343,39.82459128936443,66.2167907448729,11.624650573508596,3.30776840101878,11.513140203815219,0.9180325764809569,57.03638994360145,science
323,100.0,92.02708549997492,66.58031702910216,10.387495147185582,7.364034011935519,4.993443333714479,0.897892863612064,92.12702394580953,english
324,84.52693012126687,81.62865981831263,80.00195371779112,7.483920064014608,9.097627959536695,9.483383051995485,0.698590685005869,77.35402245458934,none
325,64.28433739379786,54.78991867138072,37.836504679402864,6.0404325090451945,8.446503161706428,2.7829841181926613,0.9141621228588255,49.660899786771985,english
326,89.76879170459772,79.16663200767361,58.30291415655805,11.924516783944103,5.326793739294916,3.010344026738897,0.9152646460341127,79.95699044868746,english
327,82.47453707779785,89.54718903326969,59.32898016621636,8.504066226138091,8.71486632834465,4.7025762554595545,0.8061786719635204,79.16065883677942,english
328,89.45621371412355,57.052178755631715,95.21391151824142,5.793709668868008,4.001220625418059,11.439096538913798,0.6209595044286784,73.16397346925663,science
329,75.17715791989387,58.49091285545087,80.27664571654043,11.659774607390908,4.82687430817824,7.8846759809568026,0.685035786782971,71.21037845841217,science
330,50.14123557249661,65.25003526448964,78.58178824522058,3.5773645854026572,5.841114811149353,9.725909200910937,0.7586303478806558,68.45841060148435,math
331,84.43591162442758,92.82705812890089,51.4745812830599,8.110465372682466,5.334871687549271,5.990330371783889,0.9370380021354896,73.87011100926539,english
332,56.27941442661957,41.602332577847164,71.85344195185573,9.67613616758792,4.3209141287965664,7.241268171999071,0.8546965108968565,62.44595061057093,science
333,69.53817914630508,62.57892764130487,69.72137338229038,10.640228245246842,7.070759030073042,10.884225359412344,0.7796941424400071,67.84160566470784,none
334,22.45557546878085,63.54970914636928,45.9547657744191,3.7521346267905873,8.961041514917337,9.834359194569391,0.7951051089078116,42.116591376404244,math
335,69.66344867591503,68.8410990959539,67.04804923382113,7.842769863517905,9.03818292483862,8.691237757199017,0.9368200858963055,69.32930513931241,none
336,65.76855404158712,82.32623948397729,92.98749066148561,3.7531944321326636,6.1530242286008665,8.601997813874604,0.6760586002747594,75.07414838162282,math
337,72.25871189850088,34.426533440641585,73.08130492439756,5.14036896848806,4.277125531802097,10.655566210099984,0.6721440109029683,61.55382953838791,science
338,47.21611562256413,29.588911169811603,55.19490996354568,9.350250958597492,4.001433441537561,6.941987143606854,0.8442647790615914,41.1256104594103,science
339,78.09113761029894,72.0773208697529,92.06967202295829,10.354151810619282,7.255822756736393,11.904297214920884,0.7947899201482034,80.94132501446443,none
340,45.86200609058103,64.91041576440144,63.72411516631451,5.750201349629354,9.304321101968553,5.655602168252321,0.8918739637990933,61.89636726325368,math
341,55.5767037509551,84.12701777059429,73.42701586479248,4.875963027412933,10.168458939848364,11.177291364601949,0.8213102931952312,70.49936960565991,math
342,82.39116042254571,98.70875146300344,89.90966894918189,6.940808914444303,10.255531618258514,7.4870275025352315,0.6186811150789183,85.002943813101,none
343,41.4054103021284,41.6386136757454,31.341939703429997,8.356634659779477,5.6438915746955995,3.7486881982407088,0.7061983876672664,35.008517068856484,english
344,68.84088279667301,26.000326410755118,69.05401001397857,7.981252085256773,4.2162335338408425,5.03744292085956,0.884330746348742,55.206193279645696,science
345,77.49170232218934,93.8104120677367,96.28442477673174,7.95087973752624,8.238814821814788,6.257517211048922,0.9646457979105414,81.3531352251458,none
346,56.26498496239876,91.6160526860494,90.07811037606696,2.834607652633724,5.550890036952566,6.147522046672419,0.8796623529957677,73.63521196519345,math
347,61.483942416125736,53.21009317882663,75.08473516366452,8.113291287414087,5.096132316578048,5.900368423074345,0.7693959240725987,76.80189817647125,none
348,48.56159930259995,71.69839177910055,68.98029994153,5.567280845626451,9.296921615054071,7.740759697211404,0.8710622572104834,67.11945158010448,math
349,53.459419310577545,87.38693816123018,74.84567747935934,5.151723753751067,9.536221601316033,8.289849042604562,0.9260084874525557,74.17488845924952,math
350,57.71845047767219,30.732776220660526,60.579796037387105,10.623132014626234,4.07287326254371,5.215772330895592,0.9340976482824455,48.594238743030736,science
351,47.861218331031765,61.83116897626289,57.49292959279009,7.797189581346075,8.502085120757943,7.743774181921241,0.7001700671266149,56.315320782791545,none
352,72.34730066271003,81.47118785312904,83.94488968565493,5.747413720364062,6.635063039556514,5.264740955864247,0.6467598069643234,81.83040872146539,math
353,69.67871658572633,100.0,92.11540634367934,3.524919811099507,6.733319610223029,10.910816402333726,0.690904821193026,96.27377736833903,math
354,50.79875049607961,65.58486989043386,81.89612525716072,4.063783514101694,11.583761107720633,8.967642735073262,0.7346811169552068,59.45638493098357,math
355,73.12755234412055,76.6143907461889,47.48257679194404,8.897126154314524,11.507081662182983,3.7474401462285063,0.7491051983544341,60.81711738088771,english
356,94.45864130894671,60.70971671593239,89.84122674324988,6.108003792413687,4.422796961839502,7.681485588085547,0.9302576461153969,80.42343230299629,science
357,80.98259665924111,47.52919973546028,68.44455544104261,5.922206597423749,5.369827944473654,11.064991820291294,0.6126628157870132,59.26287569326566,science
358,85.85344366886572,83.72516525557025,66.41652907134267,7.947832331038571,6.619440992401053,2.7867542329248525,0.6210263071220715,82.3914376489746,english
359,34.30264410504496,57.2914601483138,58.67661330272494,3.609099069725734,6.280547248989487,11.891093675083578,0.7131465783954528,56.947175804777544,math
360,92.26817170440178,83.55620229984356,79.64256322543343,8.748653412601744,9.576445460693094,9.53055598378499,0.617011987701625,87.62833754025542,none
361,44.50745190387514,56.2667748889577,26.18380629804826,8.588087321927574,8.45910322486263,3.5351650236273895,0.9590874841832289,55.734960447211485,english
362,93.06229767965416,85.28657233132496,57.43036121429952,8.090738072652279,10.9413730969692,3.961817634079139,0.6979243463118883,75.16512275744759,english
363,83.51092261707183,59.01213343643776,76.51360028327115,10.471809684364782,3.9145794822020994,7.166915110591514,0.7110751576908383,75.91155297398463,science
364,70.53014992544722,75.41765519026112,62.47868496483092,5.016432317072172,9.764081650431372,2.4550478352181977,0.7561650310536432,74.71391699905507,english
365,90.2122526758242,73.8135996159889,81.75008452522337,5.262866240420319,7.198768733625595,5.7406025159689795,0.8388467317339672,77.39260694705833,none
366,85.65963301521352,91.84084458107169,68.7068330508131,5.853224484562513,9.096826128568924,3.901436270723474,0.7381354938003213,87.95025636856695,english
367,57.49722293357617,88.24977065946614,90.43756372581909,2.580422293585801,11.781715090383637,10.528332416142442,0.8521307863739978,73.6061988999329,math
368,44.587541958232514,56.40445040140062,25.685615085992477,11.256419314333613,9.685438455339572,2.601242489935875,0.6146647935364908,39.82123261498693,english
369,66.23656884971035,97.60269845587038,75.80920439459958,5.927621289147771,5.899609679108815,9.818315336328737,0.8295696389654833,78.87837286869296,math
370,53.663301200460054,21.931205578683617,59.04973743853733,6.076245184720427,5.029876202892412,9.964264926560833,0.676129132016648,43.14765834632541,science
371,59.62061118814567,60.5105200015103,30.855701218190028,7.16810455225931,7.261497478840258,3.190694862371383,0.8507101833721717,52.38916494668692,english
372,84.40301734921974,83.36097897324998,64.70205721687233,5.817628754137664,6.466634570187725,5.63375019148906,0.6397025203665041,73.48637909539246,english
373,77.44431640605407,62.28142871419166,70.3719052378335,11.93739556117361,3.6185801137603972,10.747548533987686,0.6350914187992642,67.98691807694354,science
374,52.363807797018524,83.84104432884885,78.74453118449762,2.8849512792267347,10.405681931252936,9.32408846843256,0.7734038510525114,72.4523687784496,math
375,82.00999967227206,61.926309109407,94.39227501600934,7.355228138040486,3.8176892766381645,6.494971102353347,0.6040554693825569,82.5174220366829,science
376,58.43444744940301,45.11119265853958,44.85342210955325,6.719421018341702,10.560689575649995,6.899669765557093,0.9249415803590273,52.10989367931727,none
377,55.17768685394896,77.41271940889652,56.41537850807459,8.198571949287743,11.215015448148868,10.208886800000592,0.9062012890641291,61.917011949893215,none
378,71.62231462721545,49.03552228116632,88.47380604513823,6.229706085780092,4.772677441015384,7.783444900129271,0.727798836451883,60.97464780226908,science
379,39.462792183708515,52.44506152077696,59.29755028303644,5.440294075959171,8.034245898131866,11.566376974877507,0.6581912242296735,47.842788999148105,math
380,60.006293805759185,66.78202942538093,40.885737829626876,10.129063907893146,10.832898974250934,4.438114039016254,0.8223740184492845,58.71094070244641,english
381,35.51787285159757,74.23152184177987,77.11362722752824,3.4458613139940617,10.171609682877328,8.135605481453922,0.8015798111351611,67.85201081831104,math
382,70.7549716881285,35.40014685656655,62.49570171068953,8.103242245408891,5.904313329890075,11.337252798632628,0.6315547279678708,54.879351721308836,science
383,50.478629541011664,30.531890430341782,57.29597271319284,6.732951556992493,5.0519717451587765,11.68077831423432,0.9460443460171273,45.70522102929256,science
384,67.1592380241434,38.320725395494435,64.48300862133965,8.497328883991333,5.894970328153974,7.8576626354240915,0.7065760251977679,59.20001797931854,science
385,89.9142971396683,89.0914533641943,86.22307796373141,9.164674421465673,11.925384464877366,11.894652214531508,0.610957804230248,84.66267248947365,none
386,32.481877668647215,69.95149486901487,74.76481504162432,2.9344361281449474,9.26000115221782,7.615239616738414,0.8589550327565251,57.51950045891876,math
387,57.934580233086066,52.64513969138315,52.9287638143546,9.836659563875692,11.127598843290631,7.8194329404383325,0.6137587593652063,63.42911224332378,none
388,67.60426369816346,50.88384738705318,27.220500291865854,7.246548068236082,8.739542869518731,2.412587043513444,0.9583478696653798,50.757098337184274,english
389,84.29163277940594,74.95779252290248,86.1042812267811,11.089506936778955,9.745264429472615,8.360630995680324,0.7867347601044139,82.99952898520685,none
390,44.95678305380184,32.10685010796125,64.05090392231364,9.798770343938363,2.779175210575707,10.617925237061396,0.7848288186737796,47.65428023298612,science
391,74.68119739426535,56.888800111687765,53.34806038993018,11.876733881622966,5.938837358968531,11.078079127129296,0.7119916418054582,54.42693800399636,none
392,62.51318619623446,63.26749055226385,58.57479685228142,11.113740205364536,7.34505998970387,7.644577767365881,0.7203400552864319,62.026832172855535,none
393,51.757158597097124,84.18196900247237,90.36461198121138,4.268049301680689,5.019895075647807,5.776441616123646,0.7543746564712238,73.65752290638892,math
394,68.29249958855937,82.22396326710374,78.26965384032249,2.630644107187632,10.325315158708651,8.904670880148041,0.7441953246255166,83.69844402477801,math
395,77.47812630295164,78.42711092963862,80.3696178202298,11.850578569365755,11.50110558494135,6.141802725816751,0.6946974328246891,73.74954785405811,none
396,66.41111171557155,76.39457460116101,51.4880176371361,9.125321514634097,6.420954914338381,5.187790016062584,0.8243619191809987,62.37699127340513,english
397,50.208013506822695,46.42055629520519,44.009547311551344,11.364626635230511,5.344068401072972,7.2964877913996045,0.8509469985163376,45.15250614358632,none
398,72.77654132598369,90.20329506356497,48.5512799749627,9.13610346081981,10.584616605460255,5.91402386773076,0.6040546482623418,79.02359546836479,english
399,44.96832014613142,69.42621852765934,73.10102514718949,2.4135120288078395,5.910183789550928,6.4712308466374635,0.7891214246281534,67.15505302360394,math
400,41.738323365089045,50.51694590358641,25.94912679295456,9.599831873428913,9.280463969034393,3.3699008767452168,0.6410257302821175,39.12336130166806,english
401,64.92838254844257,35.33264940756854,46.313575918246855,9.544601456786744,2.1345988935961064,9.261585721262755,0.6681325693988184,53.069443798551575,science
402,60.25481201963389,73.73668861635092,96.10991146278188,2.071831455000604,8.572749049440947,9.852466795532074,0.6269481527466564,79.72534992723727,math
403,30.028671497206126,71.47775644023373,52.768700767667724,5.320770252278285,9.887908154713825,5.141962204262065,0.7821780034782987,43.352045861851984,math
404,36.97084974608846,53.431597803315306,57.701370172386824,2.714515507017198,7.929146480228207,8.337277128558297,0.7028563502668099,49.79387428115302,math
405,64.81144289898688,30.445596586212634,45.46366930644415,11.509009503503925,2.3146482332570346,5.414563137776252,0.6400508352350732,44.2530734897811,science
406,55.766574028769696,64.89010188919053,83.34735091954195,5.30123360969193,11.321682549345168,8.252079351074723,0.8828599176355164,62.73481064994007,math
407,67.94562133358211,53.80179595358477,69.02754827816706,8.964073006068613,3.1383831781436737,7.347367668437473,0.8310245533162899,57.644642068317495,science
408,56.69074820356482,63.821447255604966,45.81742990010634,11.776507520367748,10.678138227153926,8.275016238439118,0.845716030789871,56.78306517221771,none
409,94.05477385821261,92.26558516491181,62.9809028972922,8.427928223004985,10.833643371021648,5.568611667479844,0.7787798614773196,81.05167710746115,english
410,27.657010537208038,51.597134525562694,55.87248153504443,5.054441918456634,10.529052347248772,5.791698175966757,0.6594059465892786,50.13039349320676,math
411,72.67409422366595,45.449064647762214,64.41501806110657,8.766959473976193,3.1750474921095453,8.501620352480613,0.6610291956432666,54.44746755266841,science
412,84.79878058476721,75.7731677091637,53.48668595510713,6.805576547508304,11.828691303146313,4.380185379695044,0.6342743660760929,65.56157776375825,english
413,88.47952197975735,56.60659800354996,78.68213601716931,10.223780416024018,2.258143535378705,7.504692957918267,0.7046740058525047,72.07292938863941,science
414,67.2633615390851,64.04210711325607,47.624243877101264,8.768689308275032,6.465014330710839,2.966024907424245,0.7936948052093548,65.45567393077152,english
415,45.03726568983477,74.5086730810722,79.0794672975737,5.988527576633464,10.328928194452887,11.214070785253245,0.7209112421934277,68.77150170380027,math
416,61.4720176058493,55.419106098639546,62.862658534807295,6.596432718300139,5.9123850649835035,5.818151324136573,0.9746262073561562,56.43637919115038,none
417,46.88961224164109,53.50176067249012,64.77536602987186,4.851015019050337,6.863719895758024,7.939570797437668,0.672897723548384,61.17032242195525,math
418,73.52174535572482,83.12086064465494,59.075394367737246,6.447859774316259,7.9135192172262006,4.756436325947297,0.8147274675539435,67.44332713076079,english
419,80.39589808904223,55.899789338290404,92.61398463269924,6.949257036407422,4.544875314677379,11.426073570660453,0.9465115442411028,72.2977581421989,science
420,81.98430520925713,96.27207910451895,93.82347724766092,11.735301366442602,6.892682647174595,11.969229412624543,0.6960119408250873,93.86061613913878,none
421,72.75501210039234,59.86044796449781,51.63484279587786,11.748378910920426,5.157844550710605,2.2096227458447952,0.9449700259554137,66.12525133178461,english
422,77.24432472061288,55.857599740129956,84.09769979485526,11.693548215505395,2.991729799223229,11.52493740778798,0.8738228393608423,78.28215486368735,science
423,89.73145342108839,93.98686531931062,53.641961428849726,5.126265366532511,5.604972427130662,5.594466163773883,0.9576315222431699,77.09462881106488,english
424,67.21391412059916,61.22610745206147,61.05659086249465,6.190999181240105,7.9714498287357465,6.96444905913561,0.9694472895022159,66.66900574243483,none
425,65.80880930754839,55.138646926974616,27.29064192512073,5.814439149001826,11.777455493923565,5.536301185240739,0.7717936339288095,48.0607435093267,english
426,70.76859791460556,70.64376960814246,51.98423845329563,10.923357063080614,7.970723126507573,3.7056242259678913,0.8042184366679266,58.94215717965964,english
427,27.95174364883834,56.448033629244414,43.27287084129941,3.566702386142196,11.78047065710193,7.7301124252329245,0.7545102241575163,36.87265210437578,math
428,69.25479799022357,28.893993240033257,63.920524110193796,8.295336746713222,4.343408489732673,10.629828080649151,0.8504791069480511,55.28106745732668,science
429,76.31857502079977,38.2365649014066,80.15622475205191,10.617951740440368,2.4620716004279286,11.717383076528119,0.7358384652906618,65.00472703413388,science
430,73.56566660235094,58.52813168788646,70.66852424922813,10.79748930520616,11.281933350547217,11.17298360574478,0.7844066725018753,68.37689384206094,none
431,73.8769047384351,53.65008632876923,72.78103916243884,7.202070825823591,5.810568523203445,6.222960144341499,0.6754872480188329,62.36356768537069,science
432,60.449979607337504,85.5836518972911,71.91130391691922,3.079894547421848,11.19510727183081,8.244834874812453,0.7787231382161384,66.67810109988149,math
433,57.97987504558947,82.68506118821315,93.36313989841435,4.1516781053169725,6.01522913624922,9.209708901872503,0.8490723134675544,77.09423679503377,math
434,66.56754194678784,77.63927166757766,44.33526064380665,9.999072024745217,6.082793937294028,3.6320803651403244,0.8612366255388967,59.867516559716215,english
435,42.672462287241146,58.22733143193216,64.28561405967048,3.4785724704900858,7.9647840406905575,11.32013652944097,0.749904159912052,66.16858050139507,math
436,48.58895726054495,65.29941000604056,59.201191401739266,8.517833247054162,5.142811274817444,6.93917814208737,0.927687268247098,58.5818947649385,none
437,63.0194795807841,73.70339280433747,31.661780088259626,6.680592913556508,8.797835036104523,5.240071112185053,0.8111678469489394,56.164692937506835,english
438,96.1632142114374,66.35256030388918,88.88906748280192,7.975016898862382,3.06013967256219,8.144037419125489,0.7672458929742757,87.1465600898953,science
439,53.83897396837816,62.84466250883342,56.13422262027785,9.558238725205328,11.725096617597702,5.784689572455312,0.7674910045458857,62.387627690020544,none
440,77.80257831035824,44.61062659403004,68.24143830320295,8.036065919819947,2.142448601091366,8.879188051277001,0.8123595309627732,63.29825445295269,science
441,84.62535935024628,69.8714716773279,55.59465024175712,5.17830884214575,6.547552115854094,4.18361023706723,0.6130192266615316,70.02473042500341,english
442,50.75174363266455,63.98866454787407,68.1624849918424,2.5753378839612435,10.657099343169488,9.24351649554536,0.7280303269691633,54.51295667340749,math
443,79.63261320320649,78.57449387285972,64.03144417793142,7.166027296786383,8.66630947586995,10.534920326222796,0.6045211762531592,71.09206200614844,none
444,90.87547932069224,97.2498923132908,82.47179776467807,11.49530440903419,7.260851133546656,6.8384352865625155,0.7916799950917809,89.35242345705056,none
445,86.6134393679855,85.70454932519132,54.00368958398681,6.502465740331,8.542581670183576,5.331726593571659,0.8822341689308386,81.22019843512764,english
446,90.70999969799834,58.00965369161601,77.9660285411344,10.070956381885205,2.8589780096334296,6.988729044592031,0.6669139294186645,80.82242808928942,science
447,82.48949403770492,76.7753004044894,80.93320290934797,11.84197529182595,8.364690786135537,5.845456657028051,0.7619238059556962,76.07546242532945,none
448,52.63453793246735,63.90471024595436,44.72863256978166,8.615825572724836,6.0468452298986115,2.494289962397962,0.6383907336666782,51.26014976997394,english
449,56.434325509857345,85.19069622354827,69.72240452229468,5.1091823033562935,7.528864718841927,7.695354754425317,0.8810510282200521,78.29908221400659,math
450,57.62153538454255,37.0766913741753,64.3416070007694,11.290472498107722,5.216436984244527,5.890268324518209,0.7514525051747685,50.28129503457704,science
451,29.109578001171073,47.73240548811799,64.42599564391307,3.961785839683902,8.746769142405164,7.374151727675237,0.6422040552470287,51.71031024994656,math
452,75.49698292248914,39.1669222279305,65.843661026105,7.162026294655242,4.265774740346506,8.470736308539774,0.8782504073550692,56.40160451680837,science
453,52.04906845047172,56.241480023114576,52.42057852801333,11.752359989319126,9.392892167094526,7.264414331502023,0.6087957733277032,35.087266138753186,none
454,29.858999562820074,58.33288325173811,63.47948963109586,3.033057431548654,11.94411178577785,10.88949739913639,0.7576420904930073,50.93336702238309,math
455,74.59801948778464,85.84802762363998,71.62744640956856,9.666293706159994,5.609574347140001,9.342020568120095,0.7118316341157215,78.17939516266713,none
456,61.11839994044942,77.38185957535612,54.3704697166072,5.5871161698640845,5.890277175427577,11.14971524445009,0.7146971711393001,62.98059125328718,none
457,52.998172302134556,80.59742934251534,82.39727138301168,5.367722697917014,5.430896743199995,5.057857085621009,0.8963849750053494,65.786714533507,math
458,74.70259683543748,66.03516180696103,57.74586538656154,5.344109665349993,10.975409499695699,11.134046439667562,0.6072364955242309,71.57378118676588,none
459,82.09863833223592,85.61352020903303,56.41449455441557,11.945693404027853,5.429091561144565,3.9865808495580177,0.6547837700108587,74.14391621678976,english
460,73.8150054175519,95.33310260568983,100.0,4.297174158834294,8.540196088488111,11.027061749156095,0.8339372707395881,93.72450219902711,math
461,61.3273397787985,28.729602539600194,56.44507163667559,6.405801251224446,4.767387519783872,10.014481380118609,0.685218185597468,42.982190913763496,science
462,81.07662042647148,86.36550479867257,66.22482943987815,6.50010050626015,8.100398686293746,3.2786082490212025,0.9079645071578047,78.90614576215023,english
463,69.11086706626293,56.59816919860209,77.47506209526617,8.001873107081735,2.738855638279533,6.222550458187577,0.9225406760548194,71.65418768882267,science
464,74.57835619478722,83.6976549477105,82.92832792808404,5.525655520637198,7.555585712990805,10.463652619299152,0.8870661635559208,72.36285869075724,none
465,86.0654393375629,67.05834101962033,52.846932674013665,9.811620923884583,6.034224271065728,2.7828310065551514,0.6105829154814472,67.41417749616842,english
466,90.08172591434304,92.1639098951211,94.36750884720749,8.995971178810189,5.267419486301737,10.796303000419766,0.6598502082688055,93.35909193925733,none
467,78.58428824202532,72.69576653643271,52.46011061091575,10.931842944504655,5.7580254953804175,4.908417796234028,0.6407744599408556,65.66540945107019,english
468,94.21627481046991,79.71214538376795,81.6295618666997,7.724864777663338,8.236530130734174,11.04503902197402,0.9531191705751989,83.31111778317295,none
469,57.51614358413527,76.8151877581335,42.96739743298416,10.777645845082802,8.89816413103576,3.594263846400216,0.6646495244057714,62.907684246411456,english
470,91.1274977919227,60.866908824399886,81.61976749232552,10.960391145197956,5.41269191458689,8.636512983354868,0.7712038848454889,81.51815476827254,science
471,23.838382052189793,53.75581470557118,51.10488012308264,5.214540588614774,6.307465650136595,8.846427014582742,0.8577993156512107,35.226538540914945,math
472,37.29768530857883,68.62336683547811,58.932983307125454,3.314983953398426,9.506394256708713,10.284107702359925,0.8465041161625535,62.74658804358094,math
473,80.79541726789918,83.04649515171126,50.17431598868134,7.614637649622189,10.8500511765351,4.050330507388546,0.7742900246071007,78.26159125801085,english
474,69.75081549195524,66.4834383788112,65.0472916151064,8.60450646774738,11.8439896897785,11.523608977580604,0.947159644333024,72.57325726265967,none
475,45.66889463731057,74.99406627227613,71.07215761756657,5.408590991200047,8.724929177076467,6.131185691706149,0.6449745585041032,74.10335109887191,math
476,78.4344775185013,59.38437995432859,93.05187588360621,5.726422960443185,2.155494788066757,6.907904241707803,0.931187358669088,74.29040612048271,science
477,61.93132090778522,72.09060944950866,68.60183232475534,11.108018135083512,10.655759824825303,5.875547587714278,0.6157697356665703,62.75441404650281,none
478,50.6000180953921,65.10040937184564,80.80702863025122,4.87823365306174,10.922834298885782,6.48201744923376,0.6552086837033989,61.41328937752289,math
479,63.27246236510776,37.69471806838495,65.58750794434906,7.919372425920445,3.95931224218689,8.026491945027352,0.9768457951870537,54.477250621455795,science
480,52.338963870411035,25.204847501699824,50.17264734513788,9.028846554817722,5.436521439004933,6.540768810134145,0.6764457275032822,44.886964709278494,science
481,59.72275924791346,95.3248636452757,97.51698683279855,4.967330854914639,6.246142270045892,6.932830427104207,0.9535393300025812,89.03078489192094,math
482,39.30631364482575,59.89931192971149,70.25401926151405,4.0686014491355085,10.185459070124708,10.342996331422114,0.8745924554370907,54.65382678904984,math
483,66.82677950684516,66.8737591959021,32.175846108392626,10.56276402857565,8.087813148688335,4.500107151241316,0.9245262067941389,53.376540584709986,english
484,61.63710520685173,26.001406034445203,46.23922627324304,8.592539830794731,3.1557480666303306,11.555959281606043,0.7437146128207233,44.12728698964026,science
485,67.00853049021656,67.76542785982208,86.3194537499958,5.873152792551753,7.4564546647597565,10.59774889557521,0.7644645932660006,64.9999691570349,none
486,81.67484806540239,76.32137184372627,83.24430656555418,8.227234976684684,8.32958521647442,11.901941005194615,0.9563505325409252,80.15659728542289,none
487,84.42934272229293,56.28239841459141,96.8111523916373,7.9967949882306915,5.843616616515838,10.034246168363858,0.8222972387702123,81.11506332516143,science
488,68.65322386491933,56.713877924469294,63.80550641329943,8.645709103008574,10.436247878574733,9.626816744547732,0.7227024060596023,63.894030570290354,none
489,82.71996125219817,45.31173881121499,63.50768650131906,8.737499083493708,2.1254462752183536,9.430537163297313,0.7595507412772631,60.180563396457124,science
490,86.95215628594946,76.73505415935132,65.8288510301056,8.480076711180102,8.472528349503719,2.5045431451830606,0.9544053725896438,76.57383362296815,english
491,55.59695572930049,66.90366669504688,72.53580936747984,4.227700409560827,11.533172662438371,6.5327908897406095,0.7886889291686958,66.39120627109895,math
492,44.65596699602976,75.32557004389062,55.84286571580277,3.0836368929874847,5.223193566460145,6.917404094409326,0.6759517303667886,49.79730599974337,math
493,72.64068337299446,50.46937729675767,41.764863855416685,5.059984475675185,6.340453869515616,2.7247778378767307,0.8553386766224871,56.103188871015945,english
494,29.766624534416962,71.67497900684992,72.42190648676129,5.256835068218653,5.109503067152039,10.668519700816733,0.9181432743243054,57.860178863656635,math
495,57.17580767076983,56.37114116848868,65.65255868592268,6.07129818014675,7.892423664178011,5.882388019524924,0.9325797256902497,47.00692142687771,none
496,63.652498410753566,61.05415356222102,27.348815672859537,10.543345768955659,11.362424208850179,2.257276892774334,0.7529008050257222,52.31007875482843,english
497,48.892165513950175,47.112441472891696,56.801734202998865,8.159961025234793,10.5292001656629,8.728981354272896,0.7491599553987743,55.24407026353258,none
498,68.12159277584682,67.65502917391707,45.9171735541269,11.232117899794641,10.1577178228079,2.490332626028732,0.9526149964700681,57.77952116050628,english
499,78.10179890249862,43.78667235910116,61.32587015238421,6.078431570024536,3.354573085791453,7.90136685478052,0.6056273672303976,61.31581321396674,science
500,68.43855418935607,33.8124225338689,53.25777762022689,8.42437562586431,2.797523276042508,5.296341447628123,0.8407434115741447,58.01050413648998,science
